Metric,Score
Accuracy,0.7853018372703412
Precision,0.08974358974358974
Recall,0.39325842696629215
F1 Score,0.14613778705636743
